,Mean Probability of Error Score,Number of Perceptrons
0,0.5740000000000001,1.0
1,0.30999999999999994,2.0
2,0.24100000000000002,3.0
3,0.20999999999999996,4.0
4,0.219,5.0
5,0.21799999999999997,6.0
6,0.20400000000000001,7.0
7,0.19,8.0
8,0.20400000000000001,9.0
9,0.194,10.0
