,Mean Probability of Error Score,Number of Perceptrons
0,0.79,1.0
1,0.5700000000000001,2.0
2,0.42000000000000004,3.0
3,0.4,4.0
4,0.4,5.0
5,0.28,6.0
6,0.28,7.0
7,0.31999999999999995,8.0
8,0.25999999999999995,9.0
9,0.2699999999999999,10.0
