,Mean Probability of Error Score,Number of Perceptrons
0,0.5258,1.0
1,0.19419999999999998,2.0
2,0.168,3.0
3,0.1444,4.0
4,0.13999999999999996,5.0
5,0.14200000000000004,6.0
6,0.14359999999999995,7.0
7,0.13999999999999999,8.0
8,0.13879999999999998,9.0
9,0.1398,10.0
