,Mean Probability of Error Score,Number of Perceptrons
0,0.6559999999999999,1.0
1,0.258,2.0
2,0.18400000000000002,3.0
3,0.19400000000000003,4.0
4,0.18200000000000002,5.0
5,0.18400000000000002,6.0
6,0.17,7.0
7,0.17600000000000002,8.0
8,0.174,9.0
9,0.17,10.0
