,Mean Probability of Error Score,Number of Perceptrons
0,0.875,1.0
1,0.40499999999999997,2.0
2,0.36,3.0
3,0.22999999999999998,4.0
4,0.22500000000000003,5.0
5,0.16499999999999998,6.0
6,0.175,7.0
7,0.19,8.0
8,0.20999999999999996,9.0
9,0.18000000000000002,10.0
