,Mean Probability of Error Score,Number of Perceptrons
0,0.568,1.0
1,0.2105,2.0
2,0.164,3.0
3,0.17149999999999999,4.0
4,0.16399999999999998,5.0
5,0.1565,6.0
6,0.155,7.0
7,0.1485,8.0
8,0.1525,9.0
9,0.14450000000000002,10.0
