,Mean Squared Error,Number of Perceptrons
0,-494.18422993523853,1.0
1,-494.18422993523853,2.0
2,-494.18422993523853,3.0
3,-494.18422993523853,4.0
4,-494.18422993523853,5.0
5,-494.18422993523853,6.0
6,-494.18422993523853,7.0
7,-494.18422993523853,8.0
8,-494.18422993523853,9.0
9,-494.18422993523853,10.0
